vars,creation_time,local_key,node_id,asset_id,type,class,object_type
{},2025-10-16 00:04:14,slider_stimulus,19,19,AssetNode,AssetNode,AssetNode
{},2025-10-16 00:04:14,slider_stimulus,20,20,AssetNode,AssetNode,AssetNode
{},2025-10-16 00:04:33,slider_stimulus,21,21,AssetNode,AssetNode,AssetNode
{},2025-10-16 00:04:39,slider_stimulus,22,22,AssetNode,AssetNode,AssetNode
{},2025-10-16 00:04:45,slider_stimulus,23,23,AssetNode,AssetNode,AssetNode
{},2025-10-16 00:04:51,slider_stimulus,24,24,AssetNode,AssetNode,AssetNode
{},2025-10-16 00:10:14,slider_stimulus,25,25,AssetNode,AssetNode,AssetNode
{},2025-10-16 00:10:14,slider_stimulus,26,26,AssetNode,AssetNode,AssetNode
{},2025-10-16 00:10:24,slider_stimulus,27,27,AssetNode,AssetNode,AssetNode
{},2025-10-16 00:10:41,slider_stimulus,28,28,AssetNode,AssetNode,AssetNode
{},2025-10-16 00:10:50,slider_stimulus,29,29,AssetNode,AssetNode,AssetNode
{},2025-10-16 00:11:04,slider_stimulus,30,30,AssetNode,AssetNode,AssetNode
{},2025-10-16 00:13:21,slider_stimulus,31,31,AssetNode,AssetNode,AssetNode
{},2025-10-16 00:13:22,slider_stimulus,32,32,AssetNode,AssetNode,AssetNode
{},2025-10-16 00:13:41,slider_stimulus,33,33,AssetNode,AssetNode,AssetNode
{},2025-10-16 00:13:51,slider_stimulus,34,34,AssetNode,AssetNode,AssetNode
{},2025-10-16 00:14:02,slider_stimulus,35,35,AssetNode,AssetNode,AssetNode
{},2025-10-16 00:14:09,slider_stimulus,36,36,AssetNode,AssetNode,AssetNode
{},2025-10-16 00:14:47,slider_stimulus,37,37,AssetNode,AssetNode,AssetNode
{},2025-10-16 00:14:47,slider_stimulus,38,38,AssetNode,AssetNode,AssetNode
{},2025-10-16 00:15:49,slider_stimulus,39,39,AssetNode,AssetNode,AssetNode
{},2025-10-16 00:16:01,slider_stimulus,40,40,AssetNode,AssetNode,AssetNode
{},2025-10-16 00:16:10,slider_stimulus,41,41,AssetNode,AssetNode,AssetNode
{},2025-10-16 00:16:19,slider_stimulus,42,42,AssetNode,AssetNode,AssetNode
{},2025-10-16 00:21:43,slider_stimulus,43,43,AssetNode,AssetNode,AssetNode
{},2025-10-16 00:21:44,slider_stimulus,44,44,AssetNode,AssetNode,AssetNode
{},2025-10-16 00:22:10,slider_stimulus,45,45,AssetNode,AssetNode,AssetNode
{},2025-10-16 00:22:34,slider_stimulus,46,46,AssetNode,AssetNode,AssetNode
{},2025-10-16 00:22:51,slider_stimulus,47,47,AssetNode,AssetNode,AssetNode
{},2025-10-16 00:23:17,slider_stimulus,48,48,AssetNode,AssetNode,AssetNode
{},2025-10-15 19:47:53,stimulus,1,1,AssetNode,AssetNode,AssetNode
{},2025-10-15 19:47:53,stimulus,2,2,AssetNode,AssetNode,AssetNode
{},2025-10-15 19:47:53,stimulus,3,3,AssetNode,AssetNode,AssetNode
{},2025-10-15 19:47:53,stimulus,4,4,AssetNode,AssetNode,AssetNode
{},2025-10-15 19:47:53,stimulus,5,5,AssetNode,AssetNode,AssetNode
{},2025-10-15 19:47:53,stimulus,6,6,AssetNode,AssetNode,AssetNode
{},2025-10-15 19:47:53,stimulus,7,7,AssetNode,AssetNode,AssetNode
{},2025-10-15 19:47:53,stimulus,8,8,AssetNode,AssetNode,AssetNode
{},2025-10-15 19:47:53,stimulus,9,9,AssetNode,AssetNode,AssetNode
{},2025-10-15 19:47:53,stimulus,10,10,AssetNode,AssetNode,AssetNode
{},2025-10-15 19:47:53,stimulus,11,11,AssetNode,AssetNode,AssetNode
{},2025-10-15 19:47:53,stimulus,12,12,AssetNode,AssetNode,AssetNode
{},2025-10-15 19:47:53,stimulus,13,13,AssetNode,AssetNode,AssetNode
{},2025-10-15 19:47:53,stimulus,14,14,AssetNode,AssetNode,AssetNode
{},2025-10-15 19:47:53,stimulus,15,15,AssetNode,AssetNode,AssetNode
{},2025-10-15 19:47:53,stimulus,16,16,AssetNode,AssetNode,AssetNode
{},2025-10-15 19:47:53,stimulus,17,17,AssetNode,AssetNode,AssetNode
{},2025-10-15 19:47:53,stimulus,18,18,AssetNode,AssetNode,AssetNode
