parent,vars,id,creation_time,psynet_version,deployment_id,deposited,inherited,inherited_from,module_id,local_key,key_within_module,key_within_experiment,export_path,is_global,module_state_id,participant_id,trial_id,node_id,network_id,description,personal,content_id,host_path,url,is_folder,data_type,extension,storage,node_definition,type,input_path,obfuscate,md5_contents,size_mb,deposit_time_sec,class,object_type,file_system_path
"{""py/object"": ""dallinger_experiment.experiment.CustomNode"", ""identifiers"": {""id"": 19}}","{""file_system_path"": ""/psynet-data/assets/experiments/audio-game---play-with-sounds.__mode=live__launch=2025-10-15--19-47-53/audio_gibbs_demo/participants/participant_1/network_19__degree_0__node_19__slider_stimulus__8d6d97eb-6e30-494a-bcbc-8547f4243596.batch""}",19,2025-10-16 00:04:14,13.0.0rc3,audio-game---play-with-sounds.__mode=live__launch=2025-10-15--19-47-53,True,False,,audio_gibbs_demo,slider_stimulus,participants/participant_1/network_19__degree_0__node_19__slider_stimulus,audio_gibbs_demo/participants/participant_1/network_19__degree_0__node_19__slider_stimulus,audio_gibbs_demo/participants/participant_1/network_19__degree_0__node_19__slider_stimulus.batch,,,1,,19,19,,False,551302d21547412bfe1f4a2674569b13,experiments/audio-game---play-with-sounds.__mode=live__launch=2025-10-15--19-47-53/audio_gibbs_demo/participants/participant_1/network_19__degree_0__node_19__slider_stimulus__8d6d97eb-6e30-494a-bcbc-8547f4243596.batch,/static/assets/experiments/audio-game---play-with-sounds.__mode%3Dlive__launch%3D2025-10-15--19-47-53/audio_gibbs_demo/participants/participant_1/network_19__degree_0__node_19__slider_stimulus__8d6d97eb-6e30-494a-bcbc-8547f4243596.batch,False,,.batch,"{""py/object"": ""psynet.asset.LocalStorage"", ""_initialized"": false, ""_root"": null, ""root"": ""/psynet-data/assets""}","{""vector"": [-198.65991791754004, -550.976316341081, -752.559526310025, -228.66036934053966, -122.83625529094684, 470.25989919210247, -106.01665578569134], ""initial_index"": 5, ""active_index"": 5, ""reverse_scale"": true}",ExperimentAsset,/tmp/tmpuw7q1jrq/c2f28fd5-fc53-4db0-bec6-5f6b9abfb175.batch,1,551302d21547412bfe1f4a2674569b13,0.8975028991699219,0.004444371908903122,ExperimentAsset,Asset,/psynet-data/assets/experiments/audio-game---play-with-sounds.__mode=live__launch=2025-10-15--19-47-53/audio_gibbs_demo/participants/participant_1/network_19__degree_0__node_19__slider_stimulus__8d6d97eb-6e30-494a-bcbc-8547f4243596.batch
"{""py/object"": ""dallinger_experiment.experiment.CustomNode"", ""identifiers"": {""id"": 20}}","{""file_system_path"": ""/psynet-data/assets/experiments/audio-game---play-with-sounds.__mode=live__launch=2025-10-15--19-47-53/audio_gibbs_demo/participants/participant_1/network_20__degree_0__node_20__slider_stimulus__1741e915-aa62-4a4e-838f-56c0d1055bdf.batch""}",20,2025-10-16 00:04:14,13.0.0rc3,audio-game---play-with-sounds.__mode=live__launch=2025-10-15--19-47-53,True,False,,audio_gibbs_demo,slider_stimulus,participants/participant_1/network_20__degree_0__node_20__slider_stimulus,audio_gibbs_demo/participants/participant_1/network_20__degree_0__node_20__slider_stimulus,audio_gibbs_demo/participants/participant_1/network_20__degree_0__node_20__slider_stimulus.batch,,,1,,20,20,,False,cc95bbc52aaf5bf5830e53a43e001b6e,experiments/audio-game---play-with-sounds.__mode=live__launch=2025-10-15--19-47-53/audio_gibbs_demo/participants/participant_1/network_20__degree_0__node_20__slider_stimulus__1741e915-aa62-4a4e-838f-56c0d1055bdf.batch,/static/assets/experiments/audio-game---play-with-sounds.__mode%3Dlive__launch%3D2025-10-15--19-47-53/audio_gibbs_demo/participants/participant_1/network_20__degree_0__node_20__slider_stimulus__1741e915-aa62-4a4e-838f-56c0d1055bdf.batch,False,,.batch,"{""py/object"": ""psynet.asset.LocalStorage"", ""_initialized"": false, ""_root"": null, ""root"": ""/psynet-data/assets""}","{""vector"": [487.7268381231054, -457.5587568807464, 127.2896288129532, 666.9397682277643, 148.11414392115762, 300.7617225274398, 146.13381969440002], ""initial_index"": 4, ""active_index"": 4, ""reverse_scale"": false}",ExperimentAsset,/tmp/tmpqlwx1zpk/0327fc07-160a-47b8-b6c3-d09574110dea.batch,1,cc95bbc52aaf5bf5830e53a43e001b6e,0.8975028991699219,0.002936042845249176,ExperimentAsset,Asset,/psynet-data/assets/experiments/audio-game---play-with-sounds.__mode=live__launch=2025-10-15--19-47-53/audio_gibbs_demo/participants/participant_1/network_20__degree_0__node_20__slider_stimulus__1741e915-aa62-4a4e-838f-56c0d1055bdf.batch
"{""py/object"": ""dallinger_experiment.experiment.CustomNode"", ""identifiers"": {""id"": 21}}","{""file_system_path"": ""/psynet-data/assets/experiments/audio-game---play-with-sounds.__mode=live__launch=2025-10-15--19-47-53/audio_gibbs_demo/participants/participant_1/network_20__degree_1__node_21__slider_stimulus__6867f05e-e9d0-4e53-8d55-c7c39761ba42.batch""}",21,2025-10-16 00:04:33,13.0.0rc3,audio-game---play-with-sounds.__mode=live__launch=2025-10-15--19-47-53,True,False,,audio_gibbs_demo,slider_stimulus,participants/participant_1/network_20__degree_1__node_21__slider_stimulus,audio_gibbs_demo/participants/participant_1/network_20__degree_1__node_21__slider_stimulus,audio_gibbs_demo/participants/participant_1/network_20__degree_1__node_21__slider_stimulus.batch,,,1,,21,20,,False,3611c1ce5336fc2c1e33c7d4b605c805,experiments/audio-game---play-with-sounds.__mode=live__launch=2025-10-15--19-47-53/audio_gibbs_demo/participants/participant_1/network_20__degree_1__node_21__slider_stimulus__6867f05e-e9d0-4e53-8d55-c7c39761ba42.batch,/static/assets/experiments/audio-game---play-with-sounds.__mode%3Dlive__launch%3D2025-10-15--19-47-53/audio_gibbs_demo/participants/participant_1/network_20__degree_1__node_21__slider_stimulus__6867f05e-e9d0-4e53-8d55-c7c39761ba42.batch,False,,.batch,"{""py/object"": ""psynet.asset.LocalStorage"", ""_initialized"": false, ""_root"": null, ""root"": ""/psynet-data/assets""}","{""vector"": [487.7268381231054, -457.5587568807464, 127.2896288129532, 666.9397682277643, 203.780378037804, -140.35476914418825, 146.13381969440002], ""initial_index"": 4, ""active_index"": 5, ""reverse_scale"": true}",ExperimentAsset,/tmp/tmpr58og92l/f15a599a-4d5b-43dd-8319-85ae112b3bff.batch,1,3611c1ce5336fc2c1e33c7d4b605c805,0.8975028991699219,0.0030063502490520477,ExperimentAsset,Asset,/psynet-data/assets/experiments/audio-game---play-with-sounds.__mode=live__launch=2025-10-15--19-47-53/audio_gibbs_demo/participants/participant_1/network_20__degree_1__node_21__slider_stimulus__6867f05e-e9d0-4e53-8d55-c7c39761ba42.batch
"{""py/object"": ""dallinger_experiment.experiment.CustomNode"", ""identifiers"": {""id"": 22}}","{""file_system_path"": ""/psynet-data/assets/experiments/audio-game---play-with-sounds.__mode=live__launch=2025-10-15--19-47-53/audio_gibbs_demo/participants/participant_1/network_19__degree_1__node_22__slider_stimulus__71c4a30f-630a-407f-9d1a-f4ae6ec7b7cd.batch""}",22,2025-10-16 00:04:39,13.0.0rc3,audio-game---play-with-sounds.__mode=live__launch=2025-10-15--19-47-53,True,False,,audio_gibbs_demo,slider_stimulus,participants/participant_1/network_19__degree_1__node_22__slider_stimulus,audio_gibbs_demo/participants/participant_1/network_19__degree_1__node_22__slider_stimulus,audio_gibbs_demo/participants/participant_1/network_19__degree_1__node_22__slider_stimulus.batch,,,1,,22,19,,False,2be756095777d2a0be35413a0767fe0f,experiments/audio-game---play-with-sounds.__mode=live__launch=2025-10-15--19-47-53/audio_gibbs_demo/participants/participant_1/network_19__degree_1__node_22__slider_stimulus__71c4a30f-630a-407f-9d1a-f4ae6ec7b7cd.batch,/static/assets/experiments/audio-game---play-with-sounds.__mode%3Dlive__launch%3D2025-10-15--19-47-53/audio_gibbs_demo/participants/participant_1/network_19__degree_1__node_22__slider_stimulus__71c4a30f-630a-407f-9d1a-f4ae6ec7b7cd.batch,False,,.batch,"{""py/object"": ""psynet.asset.LocalStorage"", ""_initialized"": false, ""_root"": null, ""root"": ""/psynet-data/assets""}","{""vector"": [-198.65991791754004, -550.976316341081, -752.559526310025, -228.66036934053966, -122.83625529094684, -800, 407.37816135594085], ""initial_index"": 5, ""active_index"": 6, ""reverse_scale"": false}",ExperimentAsset,/tmp/tmp6xx26tfp/6b8951de-8c95-4330-8d8a-8d06572cb32e.batch,1,2be756095777d2a0be35413a0767fe0f,0.8975028991699219,0.00305924192070961,ExperimentAsset,Asset,/psynet-data/assets/experiments/audio-game---play-with-sounds.__mode=live__launch=2025-10-15--19-47-53/audio_gibbs_demo/participants/participant_1/network_19__degree_1__node_22__slider_stimulus__71c4a30f-630a-407f-9d1a-f4ae6ec7b7cd.batch
"{""py/object"": ""dallinger_experiment.experiment.CustomNode"", ""identifiers"": {""id"": 23}}","{""file_system_path"": ""/psynet-data/assets/experiments/audio-game---play-with-sounds.__mode=live__launch=2025-10-15--19-47-53/audio_gibbs_demo/participants/participant_1/network_20__degree_2__node_23__slider_stimulus__a3c06c18-aa6c-4012-aab2-a603285721bb.batch""}",23,2025-10-16 00:04:45,13.0.0rc3,audio-game---play-with-sounds.__mode=live__launch=2025-10-15--19-47-53,True,False,,audio_gibbs_demo,slider_stimulus,participants/participant_1/network_20__degree_2__node_23__slider_stimulus,audio_gibbs_demo/participants/participant_1/network_20__degree_2__node_23__slider_stimulus,audio_gibbs_demo/participants/participant_1/network_20__degree_2__node_23__slider_stimulus.batch,,,1,,23,20,,False,3244dfb4643011961b63bd7cc615023e,experiments/audio-game---play-with-sounds.__mode=live__launch=2025-10-15--19-47-53/audio_gibbs_demo/participants/participant_1/network_20__degree_2__node_23__slider_stimulus__a3c06c18-aa6c-4012-aab2-a603285721bb.batch,/static/assets/experiments/audio-game---play-with-sounds.__mode%3Dlive__launch%3D2025-10-15--19-47-53/audio_gibbs_demo/participants/participant_1/network_20__degree_2__node_23__slider_stimulus__a3c06c18-aa6c-4012-aab2-a603285721bb.batch,False,,.batch,"{""py/object"": ""psynet.asset.LocalStorage"", ""_initialized"": false, ""_root"": null, ""root"": ""/psynet-data/assets""}",,ExperimentAsset,/tmp/tmpb1zznmp4/5b72039f-23d4-4394-aeab-8014a13b6985.batch,1,3244dfb4643011961b63bd7cc615023e,0.8975028991699219,0.003449495881795883,ExperimentAsset,Asset,/psynet-data/assets/experiments/audio-game---play-with-sounds.__mode=live__launch=2025-10-15--19-47-53/audio_gibbs_demo/participants/participant_1/network_20__degree_2__node_23__slider_stimulus__a3c06c18-aa6c-4012-aab2-a603285721bb.batch
"{""py/object"": ""dallinger_experiment.experiment.CustomNode"", ""identifiers"": {""id"": 24}}","{""file_system_path"": ""/psynet-data/assets/experiments/audio-game---play-with-sounds.__mode=live__launch=2025-10-15--19-47-53/audio_gibbs_demo/participants/participant_1/network_19__degree_2__node_24__slider_stimulus__43ad71c6-d36c-414e-99e5-463e6f02262c.batch""}",24,2025-10-16 00:04:51,13.0.0rc3,audio-game---play-with-sounds.__mode=live__launch=2025-10-15--19-47-53,True,False,,audio_gibbs_demo,slider_stimulus,participants/participant_1/network_19__degree_2__node_24__slider_stimulus,audio_gibbs_demo/participants/participant_1/network_19__degree_2__node_24__slider_stimulus,audio_gibbs_demo/participants/participant_1/network_19__degree_2__node_24__slider_stimulus.batch,,,1,,24,19,,False,8ef5fcbdceaa5643ea5a17183053c0ec,experiments/audio-game---play-with-sounds.__mode=live__launch=2025-10-15--19-47-53/audio_gibbs_demo/participants/participant_1/network_19__degree_2__node_24__slider_stimulus__43ad71c6-d36c-414e-99e5-463e6f02262c.batch,/static/assets/experiments/audio-game---play-with-sounds.__mode%3Dlive__launch%3D2025-10-15--19-47-53/audio_gibbs_demo/participants/participant_1/network_19__degree_2__node_24__slider_stimulus__43ad71c6-d36c-414e-99e5-463e6f02262c.batch,False,,.batch,"{""py/object"": ""psynet.asset.LocalStorage"", ""_initialized"": false, ""_root"": null, ""root"": ""/psynet-data/assets""}",,ExperimentAsset,/tmp/tmp86mrrjhr/dd904010-5007-4491-bf33-79df117425ce.batch,1,8ef5fcbdceaa5643ea5a17183053c0ec,0.8975028991699219,0.003244411200284958,ExperimentAsset,Asset,/psynet-data/assets/experiments/audio-game---play-with-sounds.__mode=live__launch=2025-10-15--19-47-53/audio_gibbs_demo/participants/participant_1/network_19__degree_2__node_24__slider_stimulus__43ad71c6-d36c-414e-99e5-463e6f02262c.batch
"{""py/object"": ""dallinger_experiment.experiment.CustomNode"", ""identifiers"": {""id"": 25}}","{""file_system_path"": ""/psynet-data/assets/experiments/audio-game---play-with-sounds.__mode=live__launch=2025-10-15--19-47-53/audio_gibbs_demo/participants/participant_4/network_21__degree_0__node_25__slider_stimulus__bb6fe4c1-0202-4113-b9e7-64b75757b2f5.batch""}",25,2025-10-16 00:10:14,13.0.0rc3,audio-game---play-with-sounds.__mode=live__launch=2025-10-15--19-47-53,True,False,,audio_gibbs_demo,slider_stimulus,participants/participant_4/network_21__degree_0__node_25__slider_stimulus,audio_gibbs_demo/participants/participant_4/network_21__degree_0__node_25__slider_stimulus,audio_gibbs_demo/participants/participant_4/network_21__degree_0__node_25__slider_stimulus.batch,,,4,,25,21,,False,696520c4f92ed71520d0f9c2876547a6,experiments/audio-game---play-with-sounds.__mode=live__launch=2025-10-15--19-47-53/audio_gibbs_demo/participants/participant_4/network_21__degree_0__node_25__slider_stimulus__bb6fe4c1-0202-4113-b9e7-64b75757b2f5.batch,/static/assets/experiments/audio-game---play-with-sounds.__mode%3Dlive__launch%3D2025-10-15--19-47-53/audio_gibbs_demo/participants/participant_4/network_21__degree_0__node_25__slider_stimulus__bb6fe4c1-0202-4113-b9e7-64b75757b2f5.batch,False,,.batch,"{""py/object"": ""psynet.asset.LocalStorage"", ""_initialized"": false, ""_root"": null, ""root"": ""/psynet-data/assets""}","{""vector"": [490.7556937659954, -1.1702335377412965, -503.9875264490597, -370.9581341872095, 361.3303590947826, 493.63327594673046, 528.8758740336607], ""initial_index"": 4, ""active_index"": 4, ""reverse_scale"": true}",ExperimentAsset,/tmp/tmp7u769t4k/ba44134c-62ac-4e87-82c0-0f4b5d716005.batch,1,696520c4f92ed71520d0f9c2876547a6,0.8975028991699219,0.0031250007450580597,ExperimentAsset,Asset,/psynet-data/assets/experiments/audio-game---play-with-sounds.__mode=live__launch=2025-10-15--19-47-53/audio_gibbs_demo/participants/participant_4/network_21__degree_0__node_25__slider_stimulus__bb6fe4c1-0202-4113-b9e7-64b75757b2f5.batch
"{""py/object"": ""dallinger_experiment.experiment.CustomNode"", ""identifiers"": {""id"": 26}}","{""file_system_path"": ""/psynet-data/assets/experiments/audio-game---play-with-sounds.__mode=live__launch=2025-10-15--19-47-53/audio_gibbs_demo/participants/participant_4/network_22__degree_0__node_26__slider_stimulus__046169ba-27f1-4b7b-bc32-46a69f1447a0.batch""}",26,2025-10-16 00:10:14,13.0.0rc3,audio-game---play-with-sounds.__mode=live__launch=2025-10-15--19-47-53,True,False,,audio_gibbs_demo,slider_stimulus,participants/participant_4/network_22__degree_0__node_26__slider_stimulus,audio_gibbs_demo/participants/participant_4/network_22__degree_0__node_26__slider_stimulus,audio_gibbs_demo/participants/participant_4/network_22__degree_0__node_26__slider_stimulus.batch,,,4,,26,22,,False,46077bf13dc326977bb0ac66cd4fa448,experiments/audio-game---play-with-sounds.__mode=live__launch=2025-10-15--19-47-53/audio_gibbs_demo/participants/participant_4/network_22__degree_0__node_26__slider_stimulus__046169ba-27f1-4b7b-bc32-46a69f1447a0.batch,/static/assets/experiments/audio-game---play-with-sounds.__mode%3Dlive__launch%3D2025-10-15--19-47-53/audio_gibbs_demo/participants/participant_4/network_22__degree_0__node_26__slider_stimulus__046169ba-27f1-4b7b-bc32-46a69f1447a0.batch,False,,.batch,"{""py/object"": ""psynet.asset.LocalStorage"", ""_initialized"": false, ""_root"": null, ""root"": ""/psynet-data/assets""}","{""vector"": [547.203702879942, -698.8131691219877, -261.17694184480285, -780.7231773951268, 658.569417867845, -502.34249504474525, 264.90776392080465], ""initial_index"": 2, ""active_index"": 2, ""reverse_scale"": false}",ExperimentAsset,/tmp/tmp_7hfxals/49e2f195-e6a3-4ac7-bb37-db7123734d78.batch,1,46077bf13dc326977bb0ac66cd4fa448,0.8975028991699219,0.0029047317802906036,ExperimentAsset,Asset,/psynet-data/assets/experiments/audio-game---play-with-sounds.__mode=live__launch=2025-10-15--19-47-53/audio_gibbs_demo/participants/participant_4/network_22__degree_0__node_26__slider_stimulus__046169ba-27f1-4b7b-bc32-46a69f1447a0.batch
"{""py/object"": ""dallinger_experiment.experiment.CustomNode"", ""identifiers"": {""id"": 27}}","{""file_system_path"": ""/psynet-data/assets/experiments/audio-game---play-with-sounds.__mode=live__launch=2025-10-15--19-47-53/audio_gibbs_demo/participants/participant_4/network_22__degree_1__node_27__slider_stimulus__5d72254e-7867-44ed-a226-f94aff4bc911.batch""}",27,2025-10-16 00:10:24,13.0.0rc3,audio-game---play-with-sounds.__mode=live__launch=2025-10-15--19-47-53,True,False,,audio_gibbs_demo,slider_stimulus,participants/participant_4/network_22__degree_1__node_27__slider_stimulus,audio_gibbs_demo/participants/participant_4/network_22__degree_1__node_27__slider_stimulus,audio_gibbs_demo/participants/participant_4/network_22__degree_1__node_27__slider_stimulus.batch,,,4,,27,22,,False,8861d685e51126c243e441b5f762c815,experiments/audio-game---play-with-sounds.__mode=live__launch=2025-10-15--19-47-53/audio_gibbs_demo/participants/participant_4/network_22__degree_1__node_27__slider_stimulus__5d72254e-7867-44ed-a226-f94aff4bc911.batch,/static/assets/experiments/audio-game---play-with-sounds.__mode%3Dlive__launch%3D2025-10-15--19-47-53/audio_gibbs_demo/participants/participant_4/network_22__degree_1__node_27__slider_stimulus__5d72254e-7867-44ed-a226-f94aff4bc911.batch,False,,.batch,"{""py/object"": ""psynet.asset.LocalStorage"", ""_initialized"": false, ""_root"": null, ""root"": ""/psynet-data/assets""}","{""vector"": [547.203702879942, -698.8131691219877, 306.510651065107, -598.2716017378115, 658.569417867845, -502.34249504474525, 264.90776392080465], ""initial_index"": 2, ""active_index"": 3, ""reverse_scale"": false}",ExperimentAsset,/tmp/tmpmctl9q51/bfc14bce-6b86-4177-b10c-7c1834e4c35b.batch,1,8861d685e51126c243e441b5f762c815,0.8975028991699219,0.003017272800207138,ExperimentAsset,Asset,/psynet-data/assets/experiments/audio-game---play-with-sounds.__mode=live__launch=2025-10-15--19-47-53/audio_gibbs_demo/participants/participant_4/network_22__degree_1__node_27__slider_stimulus__5d72254e-7867-44ed-a226-f94aff4bc911.batch
"{""py/object"": ""dallinger_experiment.experiment.CustomNode"", ""identifiers"": {""id"": 28}}","{""file_system_path"": ""/psynet-data/assets/experiments/audio-game---play-with-sounds.__mode=live__launch=2025-10-15--19-47-53/audio_gibbs_demo/participants/participant_4/network_21__degree_1__node_28__slider_stimulus__d531cf57-ab39-47ba-a1ce-1b01b83f18e3.batch""}",28,2025-10-16 00:10:41,13.0.0rc3,audio-game---play-with-sounds.__mode=live__launch=2025-10-15--19-47-53,True,False,,audio_gibbs_demo,slider_stimulus,participants/participant_4/network_21__degree_1__node_28__slider_stimulus,audio_gibbs_demo/participants/participant_4/network_21__degree_1__node_28__slider_stimulus,audio_gibbs_demo/participants/participant_4/network_21__degree_1__node_28__slider_stimulus.batch,,,4,,28,21,,False,00ed5172d6dc8e5aff607ba8420954c5,experiments/audio-game---play-with-sounds.__mode=live__launch=2025-10-15--19-47-53/audio_gibbs_demo/participants/participant_4/network_21__degree_1__node_28__slider_stimulus__d531cf57-ab39-47ba-a1ce-1b01b83f18e3.batch,/static/assets/experiments/audio-game---play-with-sounds.__mode%3Dlive__launch%3D2025-10-15--19-47-53/audio_gibbs_demo/participants/participant_4/network_21__degree_1__node_28__slider_stimulus__d531cf57-ab39-47ba-a1ce-1b01b83f18e3.batch,False,,.batch,"{""py/object"": ""psynet.asset.LocalStorage"", ""_initialized"": false, ""_root"": null, ""root"": ""/psynet-data/assets""}","{""vector"": [490.7556937659954, -1.1702335377412965, -503.9875264490597, -370.9581341872095, 551.815181518152, 694.0652768379994, 528.8758740336607], ""initial_index"": 4, ""active_index"": 5, ""reverse_scale"": true}",ExperimentAsset,/tmp/tmp51uzshrv/f5954774-bb81-4deb-a5ca-7fdd36162719.batch,1,00ed5172d6dc8e5aff607ba8420954c5,0.8975028991699219,0.0032619163393974304,ExperimentAsset,Asset,/psynet-data/assets/experiments/audio-game---play-with-sounds.__mode=live__launch=2025-10-15--19-47-53/audio_gibbs_demo/participants/participant_4/network_21__degree_1__node_28__slider_stimulus__d531cf57-ab39-47ba-a1ce-1b01b83f18e3.batch
"{""py/object"": ""dallinger_experiment.experiment.CustomNode"", ""identifiers"": {""id"": 29}}","{""file_system_path"": ""/psynet-data/assets/experiments/audio-game---play-with-sounds.__mode=live__launch=2025-10-15--19-47-53/audio_gibbs_demo/participants/participant_4/network_22__degree_2__node_29__slider_stimulus__61d88c19-5bf4-49d7-9fd1-a83b11b83102.batch""}",29,2025-10-16 00:10:50,13.0.0rc3,audio-game---play-with-sounds.__mode=live__launch=2025-10-15--19-47-53,True,False,,audio_gibbs_demo,slider_stimulus,participants/participant_4/network_22__degree_2__node_29__slider_stimulus,audio_gibbs_demo/participants/participant_4/network_22__degree_2__node_29__slider_stimulus,audio_gibbs_demo/participants/participant_4/network_22__degree_2__node_29__slider_stimulus.batch,,,4,,29,22,,False,c37f01b91af39307805a12729518c67c,experiments/audio-game---play-with-sounds.__mode=live__launch=2025-10-15--19-47-53/audio_gibbs_demo/participants/participant_4/network_22__degree_2__node_29__slider_stimulus__61d88c19-5bf4-49d7-9fd1-a83b11b83102.batch,/static/assets/experiments/audio-game---play-with-sounds.__mode%3Dlive__launch%3D2025-10-15--19-47-53/audio_gibbs_demo/participants/participant_4/network_22__degree_2__node_29__slider_stimulus__61d88c19-5bf4-49d7-9fd1-a83b11b83102.batch,False,,.batch,"{""py/object"": ""psynet.asset.LocalStorage"", ""_initialized"": false, ""_root"": null, ""root"": ""/psynet-data/assets""}",,ExperimentAsset,/tmp/tmpezk1wso2/d2305de0-5bcf-4308-851d-ac9e66030dfb.batch,1,c37f01b91af39307805a12729518c67c,0.8975028991699219,0.002858765423297882,ExperimentAsset,Asset,/psynet-data/assets/experiments/audio-game---play-with-sounds.__mode=live__launch=2025-10-15--19-47-53/audio_gibbs_demo/participants/participant_4/network_22__degree_2__node_29__slider_stimulus__61d88c19-5bf4-49d7-9fd1-a83b11b83102.batch
"{""py/object"": ""dallinger_experiment.experiment.CustomNode"", ""identifiers"": {""id"": 30}}","{""file_system_path"": ""/psynet-data/assets/experiments/audio-game---play-with-sounds.__mode=live__launch=2025-10-15--19-47-53/audio_gibbs_demo/participants/participant_4/network_21__degree_2__node_30__slider_stimulus__af1d3acf-8001-46c8-8202-a7433532d998.batch""}",30,2025-10-16 00:11:04,13.0.0rc3,audio-game---play-with-sounds.__mode=live__launch=2025-10-15--19-47-53,True,False,,audio_gibbs_demo,slider_stimulus,participants/participant_4/network_21__degree_2__node_30__slider_stimulus,audio_gibbs_demo/participants/participant_4/network_21__degree_2__node_30__slider_stimulus,audio_gibbs_demo/participants/participant_4/network_21__degree_2__node_30__slider_stimulus.batch,,,4,,30,21,,False,cb8c276241869434dac7a4d4b6515831,experiments/audio-game---play-with-sounds.__mode=live__launch=2025-10-15--19-47-53/audio_gibbs_demo/participants/participant_4/network_21__degree_2__node_30__slider_stimulus__af1d3acf-8001-46c8-8202-a7433532d998.batch,/static/assets/experiments/audio-game---play-with-sounds.__mode%3Dlive__launch%3D2025-10-15--19-47-53/audio_gibbs_demo/participants/participant_4/network_21__degree_2__node_30__slider_stimulus__af1d3acf-8001-46c8-8202-a7433532d998.batch,False,,.batch,"{""py/object"": ""psynet.asset.LocalStorage"", ""_initialized"": false, ""_root"": null, ""root"": ""/psynet-data/assets""}",,ExperimentAsset,/tmp/tmpkiotgds9/0734c6ed-15f3-4a4a-a277-3fda4fcbe458.batch,1,cb8c276241869434dac7a4d4b6515831,0.8975028991699219,0.0031880512833595276,ExperimentAsset,Asset,/psynet-data/assets/experiments/audio-game---play-with-sounds.__mode=live__launch=2025-10-15--19-47-53/audio_gibbs_demo/participants/participant_4/network_21__degree_2__node_30__slider_stimulus__af1d3acf-8001-46c8-8202-a7433532d998.batch
"{""py/object"": ""dallinger_experiment.experiment.CustomNode"", ""identifiers"": {""id"": 31}}","{""file_system_path"": ""/psynet-data/assets/experiments/audio-game---play-with-sounds.__mode=live__launch=2025-10-15--19-47-53/audio_gibbs_demo/participants/participant_3/network_23__degree_0__node_31__slider_stimulus__dc861f1a-1332-459f-8d6c-84dfdc855c94.batch""}",31,2025-10-16 00:13:21,13.0.0rc3,audio-game---play-with-sounds.__mode=live__launch=2025-10-15--19-47-53,True,False,,audio_gibbs_demo,slider_stimulus,participants/participant_3/network_23__degree_0__node_31__slider_stimulus,audio_gibbs_demo/participants/participant_3/network_23__degree_0__node_31__slider_stimulus,audio_gibbs_demo/participants/participant_3/network_23__degree_0__node_31__slider_stimulus.batch,,,3,,31,23,,False,2135a05cb6b1ba3a7f3ca799351d3e8e,experiments/audio-game---play-with-sounds.__mode=live__launch=2025-10-15--19-47-53/audio_gibbs_demo/participants/participant_3/network_23__degree_0__node_31__slider_stimulus__dc861f1a-1332-459f-8d6c-84dfdc855c94.batch,/static/assets/experiments/audio-game---play-with-sounds.__mode%3Dlive__launch%3D2025-10-15--19-47-53/audio_gibbs_demo/participants/participant_3/network_23__degree_0__node_31__slider_stimulus__dc861f1a-1332-459f-8d6c-84dfdc855c94.batch,False,,.batch,"{""py/object"": ""psynet.asset.LocalStorage"", ""_initialized"": false, ""_root"": null, ""root"": ""/psynet-data/assets""}","{""vector"": [139.92122529671929, 80.51564989470921, -414.49082962473545, -558.802555514505, -547.8189076628629, -790.4427954549027, 522.559663086852], ""initial_index"": 3, ""active_index"": 3, ""reverse_scale"": false}",ExperimentAsset,/tmp/tmpmf464hd2/6c349fb1-0dfb-4ff2-a87e-f8f86d4d4c9b.batch,1,2135a05cb6b1ba3a7f3ca799351d3e8e,0.8975028991699219,0.003212355077266693,ExperimentAsset,Asset,/psynet-data/assets/experiments/audio-game---play-with-sounds.__mode=live__launch=2025-10-15--19-47-53/audio_gibbs_demo/participants/participant_3/network_23__degree_0__node_31__slider_stimulus__dc861f1a-1332-459f-8d6c-84dfdc855c94.batch
"{""py/object"": ""dallinger_experiment.experiment.CustomNode"", ""identifiers"": {""id"": 32}}","{""file_system_path"": ""/psynet-data/assets/experiments/audio-game---play-with-sounds.__mode=live__launch=2025-10-15--19-47-53/audio_gibbs_demo/participants/participant_3/network_24__degree_0__node_32__slider_stimulus__901fc020-cf1c-4caa-a4f4-5a2462f3c57f.batch""}",32,2025-10-16 00:13:22,13.0.0rc3,audio-game---play-with-sounds.__mode=live__launch=2025-10-15--19-47-53,True,False,,audio_gibbs_demo,slider_stimulus,participants/participant_3/network_24__degree_0__node_32__slider_stimulus,audio_gibbs_demo/participants/participant_3/network_24__degree_0__node_32__slider_stimulus,audio_gibbs_demo/participants/participant_3/network_24__degree_0__node_32__slider_stimulus.batch,,,3,,32,24,,False,5187fb37bf38370d0878b8165f92848d,experiments/audio-game---play-with-sounds.__mode=live__launch=2025-10-15--19-47-53/audio_gibbs_demo/participants/participant_3/network_24__degree_0__node_32__slider_stimulus__901fc020-cf1c-4caa-a4f4-5a2462f3c57f.batch,/static/assets/experiments/audio-game---play-with-sounds.__mode%3Dlive__launch%3D2025-10-15--19-47-53/audio_gibbs_demo/participants/participant_3/network_24__degree_0__node_32__slider_stimulus__901fc020-cf1c-4caa-a4f4-5a2462f3c57f.batch,False,,.batch,"{""py/object"": ""psynet.asset.LocalStorage"", ""_initialized"": false, ""_root"": null, ""root"": ""/psynet-data/assets""}","{""vector"": [-787.9801491159849, 637.8952708481311, -649.6772356930611, -475.776820103208, 534.2795498453886, 412.3734253884652, -5.68804410922553], ""initial_index"": 1, ""active_index"": 1, ""reverse_scale"": true}",ExperimentAsset,/tmp/tmprx1bg5qo/6a82c548-6850-4fc2-9d62-28c0180696c8.batch,1,5187fb37bf38370d0878b8165f92848d,0.8975028991699219,0.0037089288234710693,ExperimentAsset,Asset,/psynet-data/assets/experiments/audio-game---play-with-sounds.__mode=live__launch=2025-10-15--19-47-53/audio_gibbs_demo/participants/participant_3/network_24__degree_0__node_32__slider_stimulus__901fc020-cf1c-4caa-a4f4-5a2462f3c57f.batch
"{""py/object"": ""dallinger_experiment.experiment.CustomNode"", ""identifiers"": {""id"": 33}}","{""file_system_path"": ""/psynet-data/assets/experiments/audio-game---play-with-sounds.__mode=live__launch=2025-10-15--19-47-53/audio_gibbs_demo/participants/participant_3/network_23__degree_1__node_33__slider_stimulus__5b170b5d-9015-427e-8bfd-00d6310bd791.batch""}",33,2025-10-16 00:13:41,13.0.0rc3,audio-game---play-with-sounds.__mode=live__launch=2025-10-15--19-47-53,True,False,,audio_gibbs_demo,slider_stimulus,participants/participant_3/network_23__degree_1__node_33__slider_stimulus,audio_gibbs_demo/participants/participant_3/network_23__degree_1__node_33__slider_stimulus,audio_gibbs_demo/participants/participant_3/network_23__degree_1__node_33__slider_stimulus.batch,,,3,,33,23,,False,227106329ca50db4052f90f2eb927945,experiments/audio-game---play-with-sounds.__mode=live__launch=2025-10-15--19-47-53/audio_gibbs_demo/participants/participant_3/network_23__degree_1__node_33__slider_stimulus__5b170b5d-9015-427e-8bfd-00d6310bd791.batch,/static/assets/experiments/audio-game---play-with-sounds.__mode%3Dlive__launch%3D2025-10-15--19-47-53/audio_gibbs_demo/participants/participant_3/network_23__degree_1__node_33__slider_stimulus__5b170b5d-9015-427e-8bfd-00d6310bd791.batch,False,,.batch,"{""py/object"": ""psynet.asset.LocalStorage"", ""_initialized"": false, ""_root"": null, ""root"": ""/psynet-data/assets""}","{""vector"": [139.92122529671929, 80.51564989470921, -414.49082962473545, -355.955595559556, -547.9336917490596, -790.4427954549027, 522.559663086852], ""initial_index"": 3, ""active_index"": 4, ""reverse_scale"": true}",ExperimentAsset,/tmp/tmp7je37j72/4ade2a94-dafb-44ee-944d-ded7766b19d6.batch,1,227106329ca50db4052f90f2eb927945,0.8975028991699219,0.0032423920929431915,ExperimentAsset,Asset,/psynet-data/assets/experiments/audio-game---play-with-sounds.__mode=live__launch=2025-10-15--19-47-53/audio_gibbs_demo/participants/participant_3/network_23__degree_1__node_33__slider_stimulus__5b170b5d-9015-427e-8bfd-00d6310bd791.batch
"{""py/object"": ""dallinger_experiment.experiment.CustomNode"", ""identifiers"": {""id"": 34}}","{""file_system_path"": ""/psynet-data/assets/experiments/audio-game---play-with-sounds.__mode=live__launch=2025-10-15--19-47-53/audio_gibbs_demo/participants/participant_3/network_24__degree_1__node_34__slider_stimulus__27095c4a-2291-41f7-9009-949e0203446f.batch""}",34,2025-10-16 00:13:51,13.0.0rc3,audio-game---play-with-sounds.__mode=live__launch=2025-10-15--19-47-53,True,False,,audio_gibbs_demo,slider_stimulus,participants/participant_3/network_24__degree_1__node_34__slider_stimulus,audio_gibbs_demo/participants/participant_3/network_24__degree_1__node_34__slider_stimulus,audio_gibbs_demo/participants/participant_3/network_24__degree_1__node_34__slider_stimulus.batch,,,3,,34,24,,False,3e62e2d671447d28608c1d7af5b9492e,experiments/audio-game---play-with-sounds.__mode=live__launch=2025-10-15--19-47-53/audio_gibbs_demo/participants/participant_3/network_24__degree_1__node_34__slider_stimulus__27095c4a-2291-41f7-9009-949e0203446f.batch,/static/assets/experiments/audio-game---play-with-sounds.__mode%3Dlive__launch%3D2025-10-15--19-47-53/audio_gibbs_demo/participants/participant_3/network_24__degree_1__node_34__slider_stimulus__27095c4a-2291-41f7-9009-949e0203446f.batch,False,,.batch,"{""py/object"": ""psynet.asset.LocalStorage"", ""_initialized"": false, ""_root"": null, ""root"": ""/psynet-data/assets""}","{""vector"": [-787.9801491159849, -222.662266226623, 474.682459837838, -475.776820103208, 534.2795498453886, 412.3734253884652, -5.68804410922553], ""initial_index"": 1, ""active_index"": 2, ""reverse_scale"": true}",ExperimentAsset,/tmp/tmpprfl99k_/ff0977b4-13bb-4b06-8cda-64e7b9a3cf66.batch,1,3e62e2d671447d28608c1d7af5b9492e,0.8975028991699219,0.0032246969640254974,ExperimentAsset,Asset,/psynet-data/assets/experiments/audio-game---play-with-sounds.__mode=live__launch=2025-10-15--19-47-53/audio_gibbs_demo/participants/participant_3/network_24__degree_1__node_34__slider_stimulus__27095c4a-2291-41f7-9009-949e0203446f.batch
"{""py/object"": ""dallinger_experiment.experiment.CustomNode"", ""identifiers"": {""id"": 35}}","{""file_system_path"": ""/psynet-data/assets/experiments/audio-game---play-with-sounds.__mode=live__launch=2025-10-15--19-47-53/audio_gibbs_demo/participants/participant_3/network_23__degree_2__node_35__slider_stimulus__b7d0c961-c6e0-4560-83e7-3ce574b49435.batch""}",35,2025-10-16 00:14:02,13.0.0rc3,audio-game---play-with-sounds.__mode=live__launch=2025-10-15--19-47-53,True,False,,audio_gibbs_demo,slider_stimulus,participants/participant_3/network_23__degree_2__node_35__slider_stimulus,audio_gibbs_demo/participants/participant_3/network_23__degree_2__node_35__slider_stimulus,audio_gibbs_demo/participants/participant_3/network_23__degree_2__node_35__slider_stimulus.batch,,,3,,35,23,,False,8e7205490ce7a7b34270e93e00426850,experiments/audio-game---play-with-sounds.__mode=live__launch=2025-10-15--19-47-53/audio_gibbs_demo/participants/participant_3/network_23__degree_2__node_35__slider_stimulus__b7d0c961-c6e0-4560-83e7-3ce574b49435.batch,/static/assets/experiments/audio-game---play-with-sounds.__mode%3Dlive__launch%3D2025-10-15--19-47-53/audio_gibbs_demo/participants/participant_3/network_23__degree_2__node_35__slider_stimulus__b7d0c961-c6e0-4560-83e7-3ce574b49435.batch,False,,.batch,"{""py/object"": ""psynet.asset.LocalStorage"", ""_initialized"": false, ""_root"": null, ""root"": ""/psynet-data/assets""}",,ExperimentAsset,/tmp/tmpg9ed784m/3256c3fc-bb21-4df0-9455-7f9742011217.batch,1,8e7205490ce7a7b34270e93e00426850,0.8975028991699219,0.009364768862724304,ExperimentAsset,Asset,/psynet-data/assets/experiments/audio-game---play-with-sounds.__mode=live__launch=2025-10-15--19-47-53/audio_gibbs_demo/participants/participant_3/network_23__degree_2__node_35__slider_stimulus__b7d0c961-c6e0-4560-83e7-3ce574b49435.batch
"{""py/object"": ""dallinger_experiment.experiment.CustomNode"", ""identifiers"": {""id"": 36}}","{""file_system_path"": ""/psynet-data/assets/experiments/audio-game---play-with-sounds.__mode=live__launch=2025-10-15--19-47-53/audio_gibbs_demo/participants/participant_3/network_24__degree_2__node_36__slider_stimulus__ff87d1c6-bea4-42bc-a245-09342069c0c4.batch""}",36,2025-10-16 00:14:09,13.0.0rc3,audio-game---play-with-sounds.__mode=live__launch=2025-10-15--19-47-53,True,False,,audio_gibbs_demo,slider_stimulus,participants/participant_3/network_24__degree_2__node_36__slider_stimulus,audio_gibbs_demo/participants/participant_3/network_24__degree_2__node_36__slider_stimulus,audio_gibbs_demo/participants/participant_3/network_24__degree_2__node_36__slider_stimulus.batch,,,3,,36,24,,False,da35dea825bb726523b0644085af57aa,experiments/audio-game---play-with-sounds.__mode=live__launch=2025-10-15--19-47-53/audio_gibbs_demo/participants/participant_3/network_24__degree_2__node_36__slider_stimulus__ff87d1c6-bea4-42bc-a245-09342069c0c4.batch,/static/assets/experiments/audio-game---play-with-sounds.__mode%3Dlive__launch%3D2025-10-15--19-47-53/audio_gibbs_demo/participants/participant_3/network_24__degree_2__node_36__slider_stimulus__ff87d1c6-bea4-42bc-a245-09342069c0c4.batch,False,,.batch,"{""py/object"": ""psynet.asset.LocalStorage"", ""_initialized"": false, ""_root"": null, ""root"": ""/psynet-data/assets""}",,ExperimentAsset,/tmp/tmp3kfabbau/ada79408-7a06-4235-9f1e-11745c6f8afb.batch,1,da35dea825bb726523b0644085af57aa,0.8975028991699219,0.0029057487845420837,ExperimentAsset,Asset,/psynet-data/assets/experiments/audio-game---play-with-sounds.__mode=live__launch=2025-10-15--19-47-53/audio_gibbs_demo/participants/participant_3/network_24__degree_2__node_36__slider_stimulus__ff87d1c6-bea4-42bc-a245-09342069c0c4.batch
"{""py/object"": ""dallinger_experiment.experiment.CustomNode"", ""identifiers"": {""id"": 37}}","{""file_system_path"": ""/psynet-data/assets/experiments/audio-game---play-with-sounds.__mode=live__launch=2025-10-15--19-47-53/audio_gibbs_demo/participants/participant_5/network_25__degree_0__node_37__slider_stimulus__301cbe24-34a5-4f24-99e2-3ee7c18a1a3c.batch""}",37,2025-10-16 00:14:47,13.0.0rc3,audio-game---play-with-sounds.__mode=live__launch=2025-10-15--19-47-53,True,False,,audio_gibbs_demo,slider_stimulus,participants/participant_5/network_25__degree_0__node_37__slider_stimulus,audio_gibbs_demo/participants/participant_5/network_25__degree_0__node_37__slider_stimulus,audio_gibbs_demo/participants/participant_5/network_25__degree_0__node_37__slider_stimulus.batch,,,5,,37,25,,False,fca71f7c68109837a2869eff2c017aad,experiments/audio-game---play-with-sounds.__mode=live__launch=2025-10-15--19-47-53/audio_gibbs_demo/participants/participant_5/network_25__degree_0__node_37__slider_stimulus__301cbe24-34a5-4f24-99e2-3ee7c18a1a3c.batch,/static/assets/experiments/audio-game---play-with-sounds.__mode%3Dlive__launch%3D2025-10-15--19-47-53/audio_gibbs_demo/participants/participant_5/network_25__degree_0__node_37__slider_stimulus__301cbe24-34a5-4f24-99e2-3ee7c18a1a3c.batch,False,,.batch,"{""py/object"": ""psynet.asset.LocalStorage"", ""_initialized"": false, ""_root"": null, ""root"": ""/psynet-data/assets""}","{""vector"": [-501.0826867969227, 302.8125770757888, -728.802044309202, 161.8982129020086, 458.9675096525157, 459.66520656807506, -702.1473126817679], ""initial_index"": 6, ""active_index"": 6, ""reverse_scale"": true}",ExperimentAsset,/tmp/tmplsnz9hyw/20d950b7-1b67-496d-bc1d-689e8f0c2a0f.batch,1,fca71f7c68109837a2869eff2c017aad,0.8975028991699219,0.003203563392162323,ExperimentAsset,Asset,/psynet-data/assets/experiments/audio-game---play-with-sounds.__mode=live__launch=2025-10-15--19-47-53/audio_gibbs_demo/participants/participant_5/network_25__degree_0__node_37__slider_stimulus__301cbe24-34a5-4f24-99e2-3ee7c18a1a3c.batch
"{""py/object"": ""dallinger_experiment.experiment.CustomNode"", ""identifiers"": {""id"": 38}}","{""file_system_path"": ""/psynet-data/assets/experiments/audio-game---play-with-sounds.__mode=live__launch=2025-10-15--19-47-53/audio_gibbs_demo/participants/participant_5/network_26__degree_0__node_38__slider_stimulus__83f6d36e-f277-4b32-b22c-75eacd91c41a.batch""}",38,2025-10-16 00:14:47,13.0.0rc3,audio-game---play-with-sounds.__mode=live__launch=2025-10-15--19-47-53,True,False,,audio_gibbs_demo,slider_stimulus,participants/participant_5/network_26__degree_0__node_38__slider_stimulus,audio_gibbs_demo/participants/participant_5/network_26__degree_0__node_38__slider_stimulus,audio_gibbs_demo/participants/participant_5/network_26__degree_0__node_38__slider_stimulus.batch,,,5,,38,26,,False,97d0c2b41afe0f8419b2b35f2723fdcb,experiments/audio-game---play-with-sounds.__mode=live__launch=2025-10-15--19-47-53/audio_gibbs_demo/participants/participant_5/network_26__degree_0__node_38__slider_stimulus__83f6d36e-f277-4b32-b22c-75eacd91c41a.batch,/static/assets/experiments/audio-game---play-with-sounds.__mode%3Dlive__launch%3D2025-10-15--19-47-53/audio_gibbs_demo/participants/participant_5/network_26__degree_0__node_38__slider_stimulus__83f6d36e-f277-4b32-b22c-75eacd91c41a.batch,False,,.batch,"{""py/object"": ""psynet.asset.LocalStorage"", ""_initialized"": false, ""_root"": null, ""root"": ""/psynet-data/assets""}","{""vector"": [611.9601599473201, -223.50693804915875, -28.465519902876622, -316.1059079271183, -607.298357018103, 170.64238148477386, 688.3795115241421], ""initial_index"": 6, ""active_index"": 6, ""reverse_scale"": true}",ExperimentAsset,/tmp/tmp6blp1u2z/3e501b36-e737-4d9f-813f-6f9e9a46bea0.batch,1,97d0c2b41afe0f8419b2b35f2723fdcb,0.8975028991699219,0.0029586628079414368,ExperimentAsset,Asset,/psynet-data/assets/experiments/audio-game---play-with-sounds.__mode=live__launch=2025-10-15--19-47-53/audio_gibbs_demo/participants/participant_5/network_26__degree_0__node_38__slider_stimulus__83f6d36e-f277-4b32-b22c-75eacd91c41a.batch
"{""py/object"": ""dallinger_experiment.experiment.CustomNode"", ""identifiers"": {""id"": 39}}","{""file_system_path"": ""/psynet-data/assets/experiments/audio-game---play-with-sounds.__mode=live__launch=2025-10-15--19-47-53/audio_gibbs_demo/participants/participant_5/network_26__degree_1__node_39__slider_stimulus__b330a10f-713f-4d1e-b2fd-1847f3427d0e.batch""}",39,2025-10-16 00:15:49,13.0.0rc3,audio-game---play-with-sounds.__mode=live__launch=2025-10-15--19-47-53,True,False,,audio_gibbs_demo,slider_stimulus,participants/participant_5/network_26__degree_1__node_39__slider_stimulus,audio_gibbs_demo/participants/participant_5/network_26__degree_1__node_39__slider_stimulus,audio_gibbs_demo/participants/participant_5/network_26__degree_1__node_39__slider_stimulus.batch,,,5,,39,26,,False,e4866f31a31cc5f1712e245e9d8a3cb4,experiments/audio-game---play-with-sounds.__mode=live__launch=2025-10-15--19-47-53/audio_gibbs_demo/participants/participant_5/network_26__degree_1__node_39__slider_stimulus__b330a10f-713f-4d1e-b2fd-1847f3427d0e.batch,/static/assets/experiments/audio-game---play-with-sounds.__mode%3Dlive__launch%3D2025-10-15--19-47-53/audio_gibbs_demo/participants/participant_5/network_26__degree_1__node_39__slider_stimulus__b330a10f-713f-4d1e-b2fd-1847f3427d0e.batch,False,,.batch,"{""py/object"": ""psynet.asset.LocalStorage"", ""_initialized"": false, ""_root"": null, ""root"": ""/psynet-data/assets""}","{""vector"": [458.8735321526624, -223.50693804915875, -28.465519902876622, -316.1059079271183, -607.298357018103, 170.64238148477386, -46.4846484648465], ""initial_index"": 6, ""active_index"": 0, ""reverse_scale"": false}",ExperimentAsset,/tmp/tmpxbj7qaqa/cd1a2043-1911-4620-a6e6-3962f2197ac6.batch,1,e4866f31a31cc5f1712e245e9d8a3cb4,0.8975028991699219,0.003233056515455246,ExperimentAsset,Asset,/psynet-data/assets/experiments/audio-game---play-with-sounds.__mode=live__launch=2025-10-15--19-47-53/audio_gibbs_demo/participants/participant_5/network_26__degree_1__node_39__slider_stimulus__b330a10f-713f-4d1e-b2fd-1847f3427d0e.batch
"{""py/object"": ""dallinger_experiment.experiment.CustomNode"", ""identifiers"": {""id"": 40}}","{""file_system_path"": ""/psynet-data/assets/experiments/audio-game---play-with-sounds.__mode=live__launch=2025-10-15--19-47-53/audio_gibbs_demo/participants/participant_5/network_25__degree_1__node_40__slider_stimulus__b7da814b-7b5d-462f-adba-392c71f336a5.batch""}",40,2025-10-16 00:16:01,13.0.0rc3,audio-game---play-with-sounds.__mode=live__launch=2025-10-15--19-47-53,True,False,,audio_gibbs_demo,slider_stimulus,participants/participant_5/network_25__degree_1__node_40__slider_stimulus,audio_gibbs_demo/participants/participant_5/network_25__degree_1__node_40__slider_stimulus,audio_gibbs_demo/participants/participant_5/network_25__degree_1__node_40__slider_stimulus.batch,,,5,,40,25,,False,8d7c710356e3c249493eddd41aff2cb4,experiments/audio-game---play-with-sounds.__mode=live__launch=2025-10-15--19-47-53/audio_gibbs_demo/participants/participant_5/network_25__degree_1__node_40__slider_stimulus__b7da814b-7b5d-462f-adba-392c71f336a5.batch,/static/assets/experiments/audio-game---play-with-sounds.__mode%3Dlive__launch%3D2025-10-15--19-47-53/audio_gibbs_demo/participants/participant_5/network_25__degree_1__node_40__slider_stimulus__b7da814b-7b5d-462f-adba-392c71f336a5.batch,False,,.batch,"{""py/object"": ""psynet.asset.LocalStorage"", ""_initialized"": false, ""_root"": null, ""root"": ""/psynet-data/assets""}","{""vector"": [169.6949433744038, 302.8125770757888, -728.802044309202, 161.8982129020086, 458.9675096525157, 459.66520656807506, -109.370937093709], ""initial_index"": 6, ""active_index"": 0, ""reverse_scale"": true}",ExperimentAsset,/tmp/tmpcbcb2wbj/be1e582d-1bc3-44f3-9dc7-7c203fed5663.batch,1,8d7c710356e3c249493eddd41aff2cb4,0.8975028991699219,0.002955246716737747,ExperimentAsset,Asset,/psynet-data/assets/experiments/audio-game---play-with-sounds.__mode=live__launch=2025-10-15--19-47-53/audio_gibbs_demo/participants/participant_5/network_25__degree_1__node_40__slider_stimulus__b7da814b-7b5d-462f-adba-392c71f336a5.batch
"{""py/object"": ""dallinger_experiment.experiment.CustomNode"", ""identifiers"": {""id"": 41}}","{""file_system_path"": ""/psynet-data/assets/experiments/audio-game---play-with-sounds.__mode=live__launch=2025-10-15--19-47-53/audio_gibbs_demo/participants/participant_5/network_26__degree_2__node_41__slider_stimulus__7c73dc83-fa30-4797-94e7-c4caadab78f6.batch""}",41,2025-10-16 00:16:10,13.0.0rc3,audio-game---play-with-sounds.__mode=live__launch=2025-10-15--19-47-53,True,False,,audio_gibbs_demo,slider_stimulus,participants/participant_5/network_26__degree_2__node_41__slider_stimulus,audio_gibbs_demo/participants/participant_5/network_26__degree_2__node_41__slider_stimulus,audio_gibbs_demo/participants/participant_5/network_26__degree_2__node_41__slider_stimulus.batch,,,5,,41,26,,False,de14b30d43a2cf5f2765bde7f6ae3bc8,experiments/audio-game---play-with-sounds.__mode=live__launch=2025-10-15--19-47-53/audio_gibbs_demo/participants/participant_5/network_26__degree_2__node_41__slider_stimulus__7c73dc83-fa30-4797-94e7-c4caadab78f6.batch,/static/assets/experiments/audio-game---play-with-sounds.__mode%3Dlive__launch%3D2025-10-15--19-47-53/audio_gibbs_demo/participants/participant_5/network_26__degree_2__node_41__slider_stimulus__7c73dc83-fa30-4797-94e7-c4caadab78f6.batch,False,,.batch,"{""py/object"": ""psynet.asset.LocalStorage"", ""_initialized"": false, ""_root"": null, ""root"": ""/psynet-data/assets""}",,ExperimentAsset,/tmp/tmpzo606b9q/02d882c8-03bf-4fc1-85d7-46ba2dbdd480.batch,1,de14b30d43a2cf5f2765bde7f6ae3bc8,0.8975028991699219,0.0034891553223133087,ExperimentAsset,Asset,/psynet-data/assets/experiments/audio-game---play-with-sounds.__mode=live__launch=2025-10-15--19-47-53/audio_gibbs_demo/participants/participant_5/network_26__degree_2__node_41__slider_stimulus__7c73dc83-fa30-4797-94e7-c4caadab78f6.batch
"{""py/object"": ""dallinger_experiment.experiment.CustomNode"", ""identifiers"": {""id"": 42}}","{""file_system_path"": ""/psynet-data/assets/experiments/audio-game---play-with-sounds.__mode=live__launch=2025-10-15--19-47-53/audio_gibbs_demo/participants/participant_5/network_25__degree_2__node_42__slider_stimulus__2a535d96-65d3-4bfc-8a29-084b3a717e0d.batch""}",42,2025-10-16 00:16:19,13.0.0rc3,audio-game---play-with-sounds.__mode=live__launch=2025-10-15--19-47-53,True,False,,audio_gibbs_demo,slider_stimulus,participants/participant_5/network_25__degree_2__node_42__slider_stimulus,audio_gibbs_demo/participants/participant_5/network_25__degree_2__node_42__slider_stimulus,audio_gibbs_demo/participants/participant_5/network_25__degree_2__node_42__slider_stimulus.batch,,,5,,42,25,,False,028bd799deb32eb262e6a1369a0b849d,experiments/audio-game---play-with-sounds.__mode=live__launch=2025-10-15--19-47-53/audio_gibbs_demo/participants/participant_5/network_25__degree_2__node_42__slider_stimulus__2a535d96-65d3-4bfc-8a29-084b3a717e0d.batch,/static/assets/experiments/audio-game---play-with-sounds.__mode%3Dlive__launch%3D2025-10-15--19-47-53/audio_gibbs_demo/participants/participant_5/network_25__degree_2__node_42__slider_stimulus__2a535d96-65d3-4bfc-8a29-084b3a717e0d.batch,False,,.batch,"{""py/object"": ""psynet.asset.LocalStorage"", ""_initialized"": false, ""_root"": null, ""root"": ""/psynet-data/assets""}",,ExperimentAsset,/tmp/tmprphwxsjk/b14f2fa3-146b-42a7-9f16-f01430914aee.batch,1,028bd799deb32eb262e6a1369a0b849d,0.8975028991699219,0.0030634701251983643,ExperimentAsset,Asset,/psynet-data/assets/experiments/audio-game---play-with-sounds.__mode=live__launch=2025-10-15--19-47-53/audio_gibbs_demo/participants/participant_5/network_25__degree_2__node_42__slider_stimulus__2a535d96-65d3-4bfc-8a29-084b3a717e0d.batch
"{""py/object"": ""dallinger_experiment.experiment.CustomNode"", ""identifiers"": {""id"": 43}}","{""file_system_path"": ""/psynet-data/assets/experiments/audio-game---play-with-sounds.__mode=live__launch=2025-10-15--19-47-53/audio_gibbs_demo/participants/participant_6/network_27__degree_0__node_43__slider_stimulus__aaac6809-150d-463a-996d-3ce374fb10e3.batch""}",43,2025-10-16 00:21:43,13.0.0rc3,audio-game---play-with-sounds.__mode=live__launch=2025-10-15--19-47-53,True,False,,audio_gibbs_demo,slider_stimulus,participants/participant_6/network_27__degree_0__node_43__slider_stimulus,audio_gibbs_demo/participants/participant_6/network_27__degree_0__node_43__slider_stimulus,audio_gibbs_demo/participants/participant_6/network_27__degree_0__node_43__slider_stimulus.batch,,,6,,43,27,,False,f6aa809ea18f53880a0b4bb1464edd37,experiments/audio-game---play-with-sounds.__mode=live__launch=2025-10-15--19-47-53/audio_gibbs_demo/participants/participant_6/network_27__degree_0__node_43__slider_stimulus__aaac6809-150d-463a-996d-3ce374fb10e3.batch,/static/assets/experiments/audio-game---play-with-sounds.__mode%3Dlive__launch%3D2025-10-15--19-47-53/audio_gibbs_demo/participants/participant_6/network_27__degree_0__node_43__slider_stimulus__aaac6809-150d-463a-996d-3ce374fb10e3.batch,False,,.batch,"{""py/object"": ""psynet.asset.LocalStorage"", ""_initialized"": false, ""_root"": null, ""root"": ""/psynet-data/assets""}","{""vector"": [134.84549051339968, -751.9723331803938, -471.65986367363575, -80.09806732580046, -794.7143049727647, 392.8949940565899, 602.8751330392565], ""initial_index"": 1, ""active_index"": 1, ""reverse_scale"": false}",ExperimentAsset,/tmp/tmpr247m2r7/e1c4df38-5ad7-4958-82e5-19f3a4594ef9.batch,1,f6aa809ea18f53880a0b4bb1464edd37,0.8975028991699219,0.0040917545557022095,ExperimentAsset,Asset,/psynet-data/assets/experiments/audio-game---play-with-sounds.__mode=live__launch=2025-10-15--19-47-53/audio_gibbs_demo/participants/participant_6/network_27__degree_0__node_43__slider_stimulus__aaac6809-150d-463a-996d-3ce374fb10e3.batch
"{""py/object"": ""dallinger_experiment.experiment.CustomNode"", ""identifiers"": {""id"": 44}}","{""file_system_path"": ""/psynet-data/assets/experiments/audio-game---play-with-sounds.__mode=live__launch=2025-10-15--19-47-53/audio_gibbs_demo/participants/participant_6/network_28__degree_0__node_44__slider_stimulus__09f4fe3f-5eeb-43cf-96f5-5b6a446226aa.batch""}",44,2025-10-16 00:21:44,13.0.0rc3,audio-game---play-with-sounds.__mode=live__launch=2025-10-15--19-47-53,True,False,,audio_gibbs_demo,slider_stimulus,participants/participant_6/network_28__degree_0__node_44__slider_stimulus,audio_gibbs_demo/participants/participant_6/network_28__degree_0__node_44__slider_stimulus,audio_gibbs_demo/participants/participant_6/network_28__degree_0__node_44__slider_stimulus.batch,,,6,,44,28,,False,1aa71f39b2d9f32da4cd6a57222bec8e,experiments/audio-game---play-with-sounds.__mode=live__launch=2025-10-15--19-47-53/audio_gibbs_demo/participants/participant_6/network_28__degree_0__node_44__slider_stimulus__09f4fe3f-5eeb-43cf-96f5-5b6a446226aa.batch,/static/assets/experiments/audio-game---play-with-sounds.__mode%3Dlive__launch%3D2025-10-15--19-47-53/audio_gibbs_demo/participants/participant_6/network_28__degree_0__node_44__slider_stimulus__09f4fe3f-5eeb-43cf-96f5-5b6a446226aa.batch,False,,.batch,"{""py/object"": ""psynet.asset.LocalStorage"", ""_initialized"": false, ""_root"": null, ""root"": ""/psynet-data/assets""}","{""vector"": [425.25090739036136, -730.9301766196807, 556.6020810853852, 141.99355507461155, 118.01807808482624, -796.3710784074985, 35.46676813028421], ""initial_index"": 0, ""active_index"": 0, ""reverse_scale"": true}",ExperimentAsset,/tmp/tmpo1z4vfm2/5e5419f2-5be4-47fb-8dcd-5a9f7339b2f6.batch,1,1aa71f39b2d9f32da4cd6a57222bec8e,0.8975028991699219,0.003076121211051941,ExperimentAsset,Asset,/psynet-data/assets/experiments/audio-game---play-with-sounds.__mode=live__launch=2025-10-15--19-47-53/audio_gibbs_demo/participants/participant_6/network_28__degree_0__node_44__slider_stimulus__09f4fe3f-5eeb-43cf-96f5-5b6a446226aa.batch
"{""py/object"": ""dallinger_experiment.experiment.CustomNode"", ""identifiers"": {""id"": 45}}","{""file_system_path"": ""/psynet-data/assets/experiments/audio-game---play-with-sounds.__mode=live__launch=2025-10-15--19-47-53/audio_gibbs_demo/participants/participant_6/network_28__degree_1__node_45__slider_stimulus__17076d66-df65-4f5e-9e3e-c0fa2578570f.batch""}",45,2025-10-16 00:22:10,13.0.0rc3,audio-game---play-with-sounds.__mode=live__launch=2025-10-15--19-47-53,True,False,,audio_gibbs_demo,slider_stimulus,participants/participant_6/network_28__degree_1__node_45__slider_stimulus,audio_gibbs_demo/participants/participant_6/network_28__degree_1__node_45__slider_stimulus,audio_gibbs_demo/participants/participant_6/network_28__degree_1__node_45__slider_stimulus.batch,,,6,,45,28,,False,4fbf16c2372f826f5f662b7b0a0acbec,experiments/audio-game---play-with-sounds.__mode=live__launch=2025-10-15--19-47-53/audio_gibbs_demo/participants/participant_6/network_28__degree_1__node_45__slider_stimulus__17076d66-df65-4f5e-9e3e-c0fa2578570f.batch,/static/assets/experiments/audio-game---play-with-sounds.__mode%3Dlive__launch%3D2025-10-15--19-47-53/audio_gibbs_demo/participants/participant_6/network_28__degree_1__node_45__slider_stimulus__17076d66-df65-4f5e-9e3e-c0fa2578570f.batch,False,,.batch,"{""py/object"": ""psynet.asset.LocalStorage"", ""_initialized"": false, ""_root"": null, ""root"": ""/psynet-data/assets""}","{""vector"": [606.220622062206, -682.1218216018128, 556.6020810853852, 141.99355507461155, 118.01807808482624, -796.3710784074985, 35.46676813028421], ""initial_index"": 0, ""active_index"": 1, ""reverse_scale"": false}",ExperimentAsset,/tmp/tmpggsv0mf6/ddfec533-3a16-44b6-ad77-70ee50b1b6e3.batch,1,4fbf16c2372f826f5f662b7b0a0acbec,0.8975028991699219,0.0031340308487415314,ExperimentAsset,Asset,/psynet-data/assets/experiments/audio-game---play-with-sounds.__mode=live__launch=2025-10-15--19-47-53/audio_gibbs_demo/participants/participant_6/network_28__degree_1__node_45__slider_stimulus__17076d66-df65-4f5e-9e3e-c0fa2578570f.batch
"{""py/object"": ""dallinger_experiment.experiment.CustomNode"", ""identifiers"": {""id"": 46}}","{""file_system_path"": ""/psynet-data/assets/experiments/audio-game---play-with-sounds.__mode=live__launch=2025-10-15--19-47-53/audio_gibbs_demo/participants/participant_6/network_27__degree_1__node_46__slider_stimulus__4255296f-6fd0-4ef8-9b82-ae371fade43b.batch""}",46,2025-10-16 00:22:34,13.0.0rc3,audio-game---play-with-sounds.__mode=live__launch=2025-10-15--19-47-53,True,False,,audio_gibbs_demo,slider_stimulus,participants/participant_6/network_27__degree_1__node_46__slider_stimulus,audio_gibbs_demo/participants/participant_6/network_27__degree_1__node_46__slider_stimulus,audio_gibbs_demo/participants/participant_6/network_27__degree_1__node_46__slider_stimulus.batch,,,6,,46,27,,False,6a822eb9fc933db9da85e49335952fe8,experiments/audio-game---play-with-sounds.__mode=live__launch=2025-10-15--19-47-53/audio_gibbs_demo/participants/participant_6/network_27__degree_1__node_46__slider_stimulus__4255296f-6fd0-4ef8-9b82-ae371fade43b.batch,/static/assets/experiments/audio-game---play-with-sounds.__mode%3Dlive__launch%3D2025-10-15--19-47-53/audio_gibbs_demo/participants/participant_6/network_27__degree_1__node_46__slider_stimulus__4255296f-6fd0-4ef8-9b82-ae371fade43b.batch,False,,.batch,"{""py/object"": ""psynet.asset.LocalStorage"", ""_initialized"": false, ""_root"": null, ""root"": ""/psynet-data/assets""}","{""vector"": [134.84549051339968, -51.6051605160516, -227.325123634359, -80.09806732580046, -794.7143049727647, 392.8949940565899, 602.8751330392565], ""initial_index"": 1, ""active_index"": 2, ""reverse_scale"": true}",ExperimentAsset,/tmp/tmp8m9gxnl8/99ab8f91-4e48-4a01-9c0c-644d7fae728a.batch,1,6a822eb9fc933db9da85e49335952fe8,0.8975028991699219,0.0031594224274158478,ExperimentAsset,Asset,/psynet-data/assets/experiments/audio-game---play-with-sounds.__mode=live__launch=2025-10-15--19-47-53/audio_gibbs_demo/participants/participant_6/network_27__degree_1__node_46__slider_stimulus__4255296f-6fd0-4ef8-9b82-ae371fade43b.batch
"{""py/object"": ""dallinger_experiment.experiment.CustomNode"", ""identifiers"": {""id"": 47}}","{""file_system_path"": ""/psynet-data/assets/experiments/audio-game---play-with-sounds.__mode=live__launch=2025-10-15--19-47-53/audio_gibbs_demo/participants/participant_6/network_28__degree_2__node_47__slider_stimulus__c2f6142a-b4be-4125-8e84-2c18034d3e44.batch""}",47,2025-10-16 00:22:51,13.0.0rc3,audio-game---play-with-sounds.__mode=live__launch=2025-10-15--19-47-53,True,False,,audio_gibbs_demo,slider_stimulus,participants/participant_6/network_28__degree_2__node_47__slider_stimulus,audio_gibbs_demo/participants/participant_6/network_28__degree_2__node_47__slider_stimulus,audio_gibbs_demo/participants/participant_6/network_28__degree_2__node_47__slider_stimulus.batch,,,6,,47,28,,False,2f89f0a196927d9f871f514f54f22759,experiments/audio-game---play-with-sounds.__mode=live__launch=2025-10-15--19-47-53/audio_gibbs_demo/participants/participant_6/network_28__degree_2__node_47__slider_stimulus__c2f6142a-b4be-4125-8e84-2c18034d3e44.batch,/static/assets/experiments/audio-game---play-with-sounds.__mode%3Dlive__launch%3D2025-10-15--19-47-53/audio_gibbs_demo/participants/participant_6/network_28__degree_2__node_47__slider_stimulus__c2f6142a-b4be-4125-8e84-2c18034d3e44.batch,False,,.batch,"{""py/object"": ""psynet.asset.LocalStorage"", ""_initialized"": false, ""_root"": null, ""root"": ""/psynet-data/assets""}",,ExperimentAsset,/tmp/tmp7b8bgog4/5ba823ab-5081-462c-b0da-506eeac5b3d3.batch,1,2f89f0a196927d9f871f514f54f22759,0.8975028991699219,0.0029450803995132446,ExperimentAsset,Asset,/psynet-data/assets/experiments/audio-game---play-with-sounds.__mode=live__launch=2025-10-15--19-47-53/audio_gibbs_demo/participants/participant_6/network_28__degree_2__node_47__slider_stimulus__c2f6142a-b4be-4125-8e84-2c18034d3e44.batch
"{""py/object"": ""dallinger_experiment.experiment.CustomNode"", ""identifiers"": {""id"": 48}}","{""file_system_path"": ""/psynet-data/assets/experiments/audio-game---play-with-sounds.__mode=live__launch=2025-10-15--19-47-53/audio_gibbs_demo/participants/participant_6/network_27__degree_2__node_48__slider_stimulus__7288d890-1087-40c8-b831-86ed159ac59a.batch""}",48,2025-10-16 00:23:17,13.0.0rc3,audio-game---play-with-sounds.__mode=live__launch=2025-10-15--19-47-53,True,False,,audio_gibbs_demo,slider_stimulus,participants/participant_6/network_27__degree_2__node_48__slider_stimulus,audio_gibbs_demo/participants/participant_6/network_27__degree_2__node_48__slider_stimulus,audio_gibbs_demo/participants/participant_6/network_27__degree_2__node_48__slider_stimulus.batch,,,6,,48,27,,False,682ce03b67f62c555d1bf1e6351d397c,experiments/audio-game---play-with-sounds.__mode=live__launch=2025-10-15--19-47-53/audio_gibbs_demo/participants/participant_6/network_27__degree_2__node_48__slider_stimulus__7288d890-1087-40c8-b831-86ed159ac59a.batch,/static/assets/experiments/audio-game---play-with-sounds.__mode%3Dlive__launch%3D2025-10-15--19-47-53/audio_gibbs_demo/participants/participant_6/network_27__degree_2__node_48__slider_stimulus__7288d890-1087-40c8-b831-86ed159ac59a.batch,False,,.batch,"{""py/object"": ""psynet.asset.LocalStorage"", ""_initialized"": false, ""_root"": null, ""root"": ""/psynet-data/assets""}",,ExperimentAsset,/tmp/tmpchjvx7l6/e2b71685-6725-4255-839d-98ab50298a83.batch,1,682ce03b67f62c555d1bf1e6351d397c,0.8975028991699219,0.0031013451516628265,ExperimentAsset,Asset,/psynet-data/assets/experiments/audio-game---play-with-sounds.__mode=live__launch=2025-10-15--19-47-53/audio_gibbs_demo/participants/participant_6/network_27__degree_2__node_48__slider_stimulus__7288d890-1087-40c8-b831-86ed159ac59a.batch
